<?xml version="1.0" encoding="UTF-8"?>
<spirit:component xmlns:xilinx="http://www.xilinx.com" xmlns:spirit="http://www.spiritconsortium.org/XMLSchema/SPIRIT/1685-2009" xmlns:xsi="http://www.w3.org/2001/XMLSchema-instance">
  <spirit:vendor>xilinx.com</spirit:vendor>
  <spirit:library>customized_ip</spirit:library>
  <spirit:name>axis_check_128</spirit:name>
  <spirit:version>1.0</spirit:version>
  <spirit:busInterfaces>
    <spirit:busInterface>
      <spirit:name>PC_AXIS</spirit:name>
      <spirit:displayName>PC_AXIS</spirit:displayName>
      <spirit:busType spirit:vendor="xilinx.com" spirit:library="interface" spirit:name="axis" spirit:version="1.0"/>
      <spirit:abstractionType spirit:vendor="xilinx.com" spirit:library="interface" spirit:name="axis_rtl" spirit:version="1.0"/>
      <spirit:monitor spirit:interfaceMode="mirroredSlave"/>
      <spirit:portMaps>
        <spirit:portMap>
          <spirit:logicalPort>
            <spirit:name>TDATA</spirit:name>
          </spirit:logicalPort>
          <spirit:physicalPort>
            <spirit:name>pc_axis_tdata</spirit:name>
          </spirit:physicalPort>
        </spirit:portMap>
        <spirit:portMap>
          <spirit:logicalPort>
            <spirit:name>TDEST</spirit:name>
          </spirit:logicalPort>
          <spirit:physicalPort>
            <spirit:name>pc_axis_tdest</spirit:name>
          </spirit:physicalPort>
        </spirit:portMap>
        <spirit:portMap>
          <spirit:logicalPort>
            <spirit:name>TID</spirit:name>
          </spirit:logicalPort>
          <spirit:physicalPort>
            <spirit:name>pc_axis_tid</spirit:name>
          </spirit:physicalPort>
        </spirit:portMap>
        <spirit:portMap>
          <spirit:logicalPort>
            <spirit:name>TKEEP</spirit:name>
          </spirit:logicalPort>
          <spirit:physicalPort>
            <spirit:name>pc_axis_tkeep</spirit:name>
          </spirit:physicalPort>
        </spirit:portMap>
        <spirit:portMap>
          <spirit:logicalPort>
            <spirit:name>TLAST</spirit:name>
          </spirit:logicalPort>
          <spirit:physicalPort>
            <spirit:name>pc_axis_tlast</spirit:name>
          </spirit:physicalPort>
        </spirit:portMap>
        <spirit:portMap>
          <spirit:logicalPort>
            <spirit:name>TREADY</spirit:name>
          </spirit:logicalPort>
          <spirit:physicalPort>
            <spirit:name>pc_axis_tready</spirit:name>
          </spirit:physicalPort>
        </spirit:portMap>
        <spirit:portMap>
          <spirit:logicalPort>
            <spirit:name>TSTRB</spirit:name>
          </spirit:logicalPort>
          <spirit:physicalPort>
            <spirit:name>pc_axis_tstrb</spirit:name>
          </spirit:physicalPort>
        </spirit:portMap>
        <spirit:portMap>
          <spirit:logicalPort>
            <spirit:name>TUSER</spirit:name>
          </spirit:logicalPort>
          <spirit:physicalPort>
            <spirit:name>pc_axis_tuser</spirit:name>
          </spirit:physicalPort>
        </spirit:portMap>
        <spirit:portMap>
          <spirit:logicalPort>
            <spirit:name>TVALID</spirit:name>
          </spirit:logicalPort>
          <spirit:physicalPort>
            <spirit:name>pc_axis_tvalid</spirit:name>
          </spirit:physicalPort>
        </spirit:portMap>
      </spirit:portMaps>
    </spirit:busInterface>
    <spirit:busInterface>
      <spirit:name>CLKIF</spirit:name>
      <spirit:busType spirit:vendor="xilinx.com" spirit:library="signal" spirit:name="clock" spirit:version="1.0"/>
      <spirit:abstractionType spirit:vendor="xilinx.com" spirit:library="signal" spirit:name="clock_rtl" spirit:version="1.0"/>
      <spirit:slave/>
      <spirit:portMaps>
        <spirit:portMap>
          <spirit:logicalPort>
            <spirit:name>CLK</spirit:name>
          </spirit:logicalPort>
          <spirit:physicalPort>
            <spirit:name>aclk</spirit:name>
          </spirit:physicalPort>
        </spirit:portMap>
      </spirit:portMaps>
      <spirit:parameters>
        <spirit:parameter>
          <spirit:name>ASSOCIATED_BUSIF</spirit:name>
          <spirit:value spirit:id="BUSIFPARAM_VALUE.CLKIF.ASSOCIATED_BUSIF">PC_AXIS</spirit:value>
        </spirit:parameter>
        <spirit:parameter>
          <spirit:name>ASSOCIATED_RESET</spirit:name>
          <spirit:value spirit:id="BUSIFPARAM_VALUE.CLKIF.ASSOCIATED_RESET">RSTIF</spirit:value>
        </spirit:parameter>
        <spirit:parameter>
          <spirit:name>FREQ_HZ</spirit:name>
          <spirit:displayName>aclk frequency</spirit:displayName>
          <spirit:description>aclk frequency</spirit:description>
          <spirit:value spirit:format="long" spirit:resolve="user" spirit:id="BUSIFPARAM_VALUE.CLKIF.FREQ_HZ" spirit:minimum="1" spirit:maximum="1000000000" spirit:rangeType="long">100000000</spirit:value>
        </spirit:parameter>
      </spirit:parameters>
    </spirit:busInterface>
    <spirit:busInterface>
      <spirit:name>RSTIF</spirit:name>
      <spirit:displayName>RSTIF</spirit:displayName>
      <spirit:busType spirit:vendor="xilinx.com" spirit:library="signal" spirit:name="reset" spirit:version="1.0"/>
      <spirit:abstractionType spirit:vendor="xilinx.com" spirit:library="signal" spirit:name="reset_rtl" spirit:version="1.0"/>
      <spirit:slave/>
      <spirit:portMaps>
        <spirit:portMap>
          <spirit:logicalPort>
            <spirit:name>RST</spirit:name>
          </spirit:logicalPort>
          <spirit:physicalPort>
            <spirit:name>aresetn</spirit:name>
          </spirit:physicalPort>
        </spirit:portMap>
      </spirit:portMaps>
      <spirit:parameters>
        <spirit:parameter>
          <spirit:name>POLARITY</spirit:name>
          <spirit:value spirit:id="BUSIFPARAM_VALUE.RSTIF.POLARITY">ACTIVE_LOW</spirit:value>
        </spirit:parameter>
      </spirit:parameters>
    </spirit:busInterface>
    <spirit:busInterface>
      <spirit:name>CLKENIF</spirit:name>
      <spirit:displayName>CLKENIF</spirit:displayName>
      <spirit:busType spirit:vendor="xilinx.com" spirit:library="signal" spirit:name="clockenable" spirit:version="1.0"/>
      <spirit:abstractionType spirit:vendor="xilinx.com" spirit:library="signal" spirit:name="clockenable_rtl" spirit:version="1.0"/>
      <spirit:slave/>
      <spirit:portMaps>
        <spirit:portMap>
          <spirit:logicalPort>
            <spirit:name>CE</spirit:name>
          </spirit:logicalPort>
          <spirit:physicalPort>
            <spirit:name>aclken</spirit:name>
          </spirit:physicalPort>
        </spirit:portMap>
      </spirit:portMaps>
      <spirit:vendorExtensions>
        <xilinx:busInterfaceInfo>
          <xilinx:enablement>
            <xilinx:isEnabled xilinx:resolve="dependent" xilinx:id="BUSIF_ENABLEMENT.CLKENIF" xilinx:dependency="(spirit:decode(id(&apos;PARAM_VALUE.HAS_ACLKEN&apos;)) == 1)">false</xilinx:isEnabled>
          </xilinx:enablement>
        </xilinx:busInterfaceInfo>
      </spirit:vendorExtensions>
    </spirit:busInterface>
    <spirit:busInterface>
      <spirit:name>system_resetn</spirit:name>
      <spirit:displayName>SYSTEM_RESET</spirit:displayName>
      <spirit:busType spirit:vendor="xilinx.com" spirit:library="signal" spirit:name="reset" spirit:version="1.0"/>
      <spirit:abstractionType spirit:vendor="xilinx.com" spirit:library="signal" spirit:name="reset_rtl" spirit:version="1.0"/>
      <spirit:slave/>
      <spirit:portMaps>
        <spirit:portMap>
          <spirit:logicalPort>
            <spirit:name>RST</spirit:name>
          </spirit:logicalPort>
          <spirit:physicalPort>
            <spirit:name>system_resetn</spirit:name>
          </spirit:physicalPort>
        </spirit:portMap>
      </spirit:portMaps>
      <spirit:parameters>
        <spirit:parameter>
          <spirit:name>POLARITY</spirit:name>
          <spirit:value spirit:id="BUSIFPARAM_VALUE.SYSTEM_RESETN.POLARITY">ACTIVE_LOW</spirit:value>
        </spirit:parameter>
      </spirit:parameters>
      <spirit:vendorExtensions>
        <xilinx:busInterfaceInfo>
          <xilinx:enablement>
            <xilinx:isEnabled xilinx:resolve="dependent" xilinx:id="BUSIF_ENABLEMENT.system_resetn" xilinx:dependency="(spirit:decode(id(&apos;PARAM_VALUE.HAS_SYSTEM_RESET&apos;)) == 1)">false</xilinx:isEnabled>
          </xilinx:enablement>
        </xilinx:busInterfaceInfo>
      </spirit:vendorExtensions>
    </spirit:busInterface>
  </spirit:busInterfaces>
  <spirit:model>
    <spirit:views>
      <spirit:view>
        <spirit:name>xilinx_veriloginstantiationtemplate</spirit:name>
        <spirit:displayName>Verilog Instantiation Template</spirit:displayName>
        <spirit:envIdentifier>verilogSource:vivado.xilinx.com:synthesis.template</spirit:envIdentifier>
        <spirit:language>verilog</spirit:language>
        <spirit:fileSetRef>
          <spirit:localName>xilinx_veriloginstantiationtemplate_view_fileset</spirit:localName>
        </spirit:fileSetRef>
        <spirit:parameters>
          <spirit:parameter>
            <spirit:name>customizationCRC</spirit:name>
            <spirit:value>8c976e2a</spirit:value>
          </spirit:parameter>
          <spirit:parameter>
            <spirit:name>customizationCRCversion</spirit:name>
            <spirit:value>5</spirit:value>
          </spirit:parameter>
          <spirit:parameter>
            <spirit:name>boundaryCRC</spirit:name>
            <spirit:value>5fcd7704</spirit:value>
          </spirit:parameter>
          <spirit:parameter>
            <spirit:name>boundaryCRCversion</spirit:name>
            <spirit:value>1</spirit:value>
          </spirit:parameter>
          <spirit:parameter>
            <spirit:name>GENtimestamp</spirit:name>
            <spirit:value>Sun Dec 27 13:19:33 UTC 2015</spirit:value>
          </spirit:parameter>
          <spirit:parameter>
            <spirit:name>StaleAtRelink</spirit:name>
            <spirit:value>false</spirit:value>
          </spirit:parameter>
        </spirit:parameters>
      </spirit:view>
      <spirit:view>
        <spirit:name>xilinx_verilogsynthesis</spirit:name>
        <spirit:displayName>Verilog Synthesis</spirit:displayName>
        <spirit:envIdentifier>verilogSource:vivado.xilinx.com:synthesis</spirit:envIdentifier>
        <spirit:language>verilog</spirit:language>
        <spirit:fileSetRef>
          <spirit:localName>xilinx_verilogsynthesis_view_fileset</spirit:localName>
        </spirit:fileSetRef>
        <spirit:parameters>
          <spirit:parameter>
            <spirit:name>customizationCRC</spirit:name>
            <spirit:value>8c976e2a</spirit:value>
          </spirit:parameter>
          <spirit:parameter>
            <spirit:name>customizationCRCversion</spirit:name>
            <spirit:value>5</spirit:value>
          </spirit:parameter>
          <spirit:parameter>
            <spirit:name>boundaryCRC</spirit:name>
            <spirit:value>5fcd7704</spirit:value>
          </spirit:parameter>
          <spirit:parameter>
            <spirit:name>boundaryCRCversion</spirit:name>
            <spirit:value>1</spirit:value>
          </spirit:parameter>
          <spirit:parameter>
            <spirit:name>GENtimestamp</spirit:name>
            <spirit:value>Sun Dec 27 13:19:36 UTC 2015</spirit:value>
          </spirit:parameter>
          <spirit:parameter>
            <spirit:name>StaleAtRelink</spirit:name>
            <spirit:value>false</spirit:value>
          </spirit:parameter>
        </spirit:parameters>
      </spirit:view>
      <spirit:view>
        <spirit:name>xilinx_synthesisconstraints</spirit:name>
        <spirit:displayName>Synthesis Constraints</spirit:displayName>
        <spirit:envIdentifier>:vivado.xilinx.com:synthesis.constraints</spirit:envIdentifier>
        <spirit:fileSetRef>
          <spirit:localName>xilinx_synthesisconstraints_view_fileset</spirit:localName>
        </spirit:fileSetRef>
        <spirit:parameters>
          <spirit:parameter>
            <spirit:name>customizationCRC</spirit:name>
            <spirit:value>8c976e2a</spirit:value>
          </spirit:parameter>
          <spirit:parameter>
            <spirit:name>customizationCRCversion</spirit:name>
            <spirit:value>5</spirit:value>
          </spirit:parameter>
          <spirit:parameter>
            <spirit:name>boundaryCRC</spirit:name>
            <spirit:value>5fcd7704</spirit:value>
          </spirit:parameter>
          <spirit:parameter>
            <spirit:name>boundaryCRCversion</spirit:name>
            <spirit:value>1</spirit:value>
          </spirit:parameter>
          <spirit:parameter>
            <spirit:name>GENtimestamp</spirit:name>
            <spirit:value>Sun Dec 27 13:19:40 UTC 2015</spirit:value>
          </spirit:parameter>
          <spirit:parameter>
            <spirit:name>StaleAtRelink</spirit:name>
            <spirit:value>false</spirit:value>
          </spirit:parameter>
        </spirit:parameters>
      </spirit:view>
      <spirit:view>
        <spirit:name>xilinx_verilogsynthesiswrapper</spirit:name>
        <spirit:displayName>Verilog Synthesis Wrapper</spirit:displayName>
        <spirit:envIdentifier>verilogSource:vivado.xilinx.com:synthesis.wrapper</spirit:envIdentifier>
        <spirit:language>verilog</spirit:language>
        <spirit:fileSetRef>
          <spirit:localName>xilinx_verilogsynthesiswrapper_view_fileset</spirit:localName>
        </spirit:fileSetRef>
        <spirit:parameters>
          <spirit:parameter>
            <spirit:name>customizationCRC</spirit:name>
            <spirit:value>8c976e2a</spirit:value>
          </spirit:parameter>
          <spirit:parameter>
            <spirit:name>customizationCRCversion</spirit:name>
            <spirit:value>5</spirit:value>
          </spirit:parameter>
          <spirit:parameter>
            <spirit:name>boundaryCRC</spirit:name>
            <spirit:value>5fcd7704</spirit:value>
          </spirit:parameter>
          <spirit:parameter>
            <spirit:name>boundaryCRCversion</spirit:name>
            <spirit:value>1</spirit:value>
          </spirit:parameter>
          <spirit:parameter>
            <spirit:name>GENtimestamp</spirit:name>
            <spirit:value>Sun Dec 27 13:19:40 UTC 2015</spirit:value>
          </spirit:parameter>
          <spirit:parameter>
            <spirit:name>StaleAtRelink</spirit:name>
            <spirit:value>false</spirit:value>
          </spirit:parameter>
        </spirit:parameters>
      </spirit:view>
      <spirit:view>
        <spirit:name>xilinx_verilogbehavioralsimulation</spirit:name>
        <spirit:displayName>Verilog Simulation</spirit:displayName>
        <spirit:envIdentifier>verilogSource:vivado.xilinx.com:simulation</spirit:envIdentifier>
        <spirit:language>verilog</spirit:language>
        <spirit:fileSetRef>
          <spirit:localName>xilinx_verilogbehavioralsimulation_view_fileset</spirit:localName>
        </spirit:fileSetRef>
        <spirit:parameters>
          <spirit:parameter>
            <spirit:name>customizationCRC</spirit:name>
            <spirit:value>3f4c60a4</spirit:value>
          </spirit:parameter>
          <spirit:parameter>
            <spirit:name>customizationCRCversion</spirit:name>
            <spirit:value>5</spirit:value>
          </spirit:parameter>
          <spirit:parameter>
            <spirit:name>boundaryCRC</spirit:name>
            <spirit:value>5fcd7704</spirit:value>
          </spirit:parameter>
          <spirit:parameter>
            <spirit:name>boundaryCRCversion</spirit:name>
            <spirit:value>1</spirit:value>
          </spirit:parameter>
          <spirit:parameter>
            <spirit:name>GENtimestamp</spirit:name>
            <spirit:value>Sun Dec 27 13:19:40 UTC 2015</spirit:value>
          </spirit:parameter>
          <spirit:parameter>
            <spirit:name>StaleAtRelink</spirit:name>
            <spirit:value>false</spirit:value>
          </spirit:parameter>
        </spirit:parameters>
      </spirit:view>
      <spirit:view>
        <spirit:name>xilinx_verilogsimulationwrapper</spirit:name>
        <spirit:displayName>Verilog Simulation Wrapper</spirit:displayName>
        <spirit:envIdentifier>verilogSource:vivado.xilinx.com:simulation.wrapper</spirit:envIdentifier>
        <spirit:language>verilog</spirit:language>
        <spirit:fileSetRef>
          <spirit:localName>xilinx_verilogsimulationwrapper_view_fileset</spirit:localName>
        </spirit:fileSetRef>
        <spirit:parameters>
          <spirit:parameter>
            <spirit:name>customizationCRC</spirit:name>
            <spirit:value>3f4c60a4</spirit:value>
          </spirit:parameter>
          <spirit:parameter>
            <spirit:name>customizationCRCversion</spirit:name>
            <spirit:value>5</spirit:value>
          </spirit:parameter>
          <spirit:parameter>
            <spirit:name>boundaryCRC</spirit:name>
            <spirit:value>5fcd7704</spirit:value>
          </spirit:parameter>
          <spirit:parameter>
            <spirit:name>boundaryCRCversion</spirit:name>
            <spirit:value>1</spirit:value>
          </spirit:parameter>
          <spirit:parameter>
            <spirit:name>GENtimestamp</spirit:name>
            <spirit:value>Sun Dec 27 13:19:40 UTC 2015</spirit:value>
          </spirit:parameter>
          <spirit:parameter>
            <spirit:name>StaleAtRelink</spirit:name>
            <spirit:value>false</spirit:value>
          </spirit:parameter>
        </spirit:parameters>
      </spirit:view>
      <spirit:view>
        <spirit:name>xilinx_versioninformation</spirit:name>
        <spirit:displayName>Version Information</spirit:displayName>
        <spirit:envIdentifier>:vivado.xilinx.com:docs.versioninfo</spirit:envIdentifier>
        <spirit:fileSetRef>
          <spirit:localName>xilinx_versioninformation_view_fileset</spirit:localName>
        </spirit:fileSetRef>
        <spirit:parameters>
          <spirit:parameter>
            <spirit:name>customizationCRC</spirit:name>
            <spirit:value>8c976e2a</spirit:value>
          </spirit:parameter>
          <spirit:parameter>
            <spirit:name>customizationCRCversion</spirit:name>
            <spirit:value>5</spirit:value>
          </spirit:parameter>
          <spirit:parameter>
            <spirit:name>boundaryCRC</spirit:name>
            <spirit:value>5fcd7704</spirit:value>
          </spirit:parameter>
          <spirit:parameter>
            <spirit:name>boundaryCRCversion</spirit:name>
            <spirit:value>1</spirit:value>
          </spirit:parameter>
          <spirit:parameter>
            <spirit:name>GENtimestamp</spirit:name>
            <spirit:value>Sun Dec 27 13:19:40 UTC 2015</spirit:value>
          </spirit:parameter>
          <spirit:parameter>
            <spirit:name>StaleAtRelink</spirit:name>
            <spirit:value>false</spirit:value>
          </spirit:parameter>
        </spirit:parameters>
      </spirit:view>
      <spirit:view>
        <spirit:name>xilinx_externalfiles</spirit:name>
        <spirit:displayName>External Files</spirit:displayName>
        <spirit:envIdentifier>:vivado.xilinx.com:external.files</spirit:envIdentifier>
        <spirit:fileSetRef>
          <spirit:localName>xilinx_externalfiles_view_fileset</spirit:localName>
        </spirit:fileSetRef>
        <spirit:parameters>
          <spirit:parameter>
            <spirit:name>customizationCRC</spirit:name>
            <spirit:value>8c976e2a</spirit:value>
          </spirit:parameter>
          <spirit:parameter>
            <spirit:name>customizationCRCversion</spirit:name>
            <spirit:value>5</spirit:value>
          </spirit:parameter>
          <spirit:parameter>
            <spirit:name>boundaryCRC</spirit:name>
            <spirit:value>5fcd7704</spirit:value>
          </spirit:parameter>
          <spirit:parameter>
            <spirit:name>boundaryCRCversion</spirit:name>
            <spirit:value>1</spirit:value>
          </spirit:parameter>
          <spirit:parameter>
            <spirit:name>GENtimestamp</spirit:name>
            <spirit:value>Sun Dec 27 13:20:07 UTC 2015</spirit:value>
          </spirit:parameter>
          <spirit:parameter>
            <spirit:name>StaleAtRelink</spirit:name>
            <spirit:value>false</spirit:value>
          </spirit:parameter>
        </spirit:parameters>
      </spirit:view>
    </spirit:views>
    <spirit:ports>
      <spirit:port>
        <spirit:name>aclk</spirit:name>
        <spirit:wire>
          <spirit:direction>in</spirit:direction>
          <spirit:wireTypeDefs>
            <spirit:wireTypeDef>
              <spirit:typeName>wire</spirit:typeName>
              <spirit:viewNameRef>xilinx_verilogsynthesis</spirit:viewNameRef>
              <spirit:viewNameRef>xilinx_verilogbehavioralsimulation</spirit:viewNameRef>
            </spirit:wireTypeDef>
          </spirit:wireTypeDefs>
        </spirit:wire>
      </spirit:port>
      <spirit:port>
        <spirit:name>aresetn</spirit:name>
        <spirit:wire>
          <spirit:direction>in</spirit:direction>
          <spirit:wireTypeDefs>
            <spirit:wireTypeDef>
              <spirit:typeName>wire</spirit:typeName>
              <spirit:viewNameRef>xilinx_verilogsynthesis</spirit:viewNameRef>
              <spirit:viewNameRef>xilinx_verilogbehavioralsimulation</spirit:viewNameRef>
            </spirit:wireTypeDef>
          </spirit:wireTypeDefs>
        </spirit:wire>
      </spirit:port>
      <spirit:port>
        <spirit:name>system_resetn</spirit:name>
        <spirit:wire>
          <spirit:direction>in</spirit:direction>
          <spirit:wireTypeDefs>
            <spirit:wireTypeDef>
              <spirit:typeName>wire</spirit:typeName>
              <spirit:viewNameRef>xilinx_verilogsynthesis</spirit:viewNameRef>
              <spirit:viewNameRef>xilinx_verilogbehavioralsimulation</spirit:viewNameRef>
            </spirit:wireTypeDef>
          </spirit:wireTypeDefs>
          <spirit:driver>
            <spirit:defaultValue spirit:format="bitString" spirit:bitStringLength="1">1</spirit:defaultValue>
          </spirit:driver>
        </spirit:wire>
        <spirit:vendorExtensions>
          <xilinx:portInfo>
            <xilinx:enablement>
              <xilinx:isEnabled xilinx:resolve="dependent" xilinx:id="PORT_ENABLEMENT.system_resetn" xilinx:dependency="(spirit:decode(id(&apos;PARAM_VALUE.HAS_SYSTEM_RESET&apos;)) == 1)">false</xilinx:isEnabled>
            </xilinx:enablement>
          </xilinx:portInfo>
        </spirit:vendorExtensions>
      </spirit:port>
      <spirit:port>
        <spirit:name>aclken</spirit:name>
        <spirit:wire>
          <spirit:direction>in</spirit:direction>
          <spirit:wireTypeDefs>
            <spirit:wireTypeDef>
              <spirit:typeName>wire</spirit:typeName>
              <spirit:viewNameRef>xilinx_verilogsynthesis</spirit:viewNameRef>
              <spirit:viewNameRef>xilinx_verilogbehavioralsimulation</spirit:viewNameRef>
            </spirit:wireTypeDef>
          </spirit:wireTypeDefs>
          <spirit:driver>
            <spirit:defaultValue spirit:format="bitString" spirit:bitStringLength="1">1</spirit:defaultValue>
          </spirit:driver>
        </spirit:wire>
        <spirit:vendorExtensions>
          <xilinx:portInfo>
            <xilinx:enablement>
              <xilinx:isEnabled xilinx:resolve="dependent" xilinx:id="PORT_ENABLEMENT.aclken" xilinx:dependency="(spirit:decode(id(&apos;PARAM_VALUE.HAS_ACLKEN&apos;)) == 1)">false</xilinx:isEnabled>
            </xilinx:enablement>
          </xilinx:portInfo>
        </spirit:vendorExtensions>
      </spirit:port>
      <spirit:port>
        <spirit:name>pc_axis_tvalid</spirit:name>
        <spirit:wire>
          <spirit:direction>in</spirit:direction>
          <spirit:wireTypeDefs>
            <spirit:wireTypeDef>
              <spirit:typeName>wire</spirit:typeName>
              <spirit:viewNameRef>xilinx_verilogsynthesis</spirit:viewNameRef>
              <spirit:viewNameRef>xilinx_verilogbehavioralsimulation</spirit:viewNameRef>
            </spirit:wireTypeDef>
          </spirit:wireTypeDefs>
        </spirit:wire>
      </spirit:port>
      <spirit:port>
        <spirit:name>pc_axis_tready</spirit:name>
        <spirit:wire>
          <spirit:direction>in</spirit:direction>
          <spirit:wireTypeDefs>
            <spirit:wireTypeDef>
              <spirit:typeName>wire</spirit:typeName>
              <spirit:viewNameRef>xilinx_verilogsynthesis</spirit:viewNameRef>
              <spirit:viewNameRef>xilinx_verilogbehavioralsimulation</spirit:viewNameRef>
            </spirit:wireTypeDef>
          </spirit:wireTypeDefs>
          <spirit:driver>
            <spirit:defaultValue spirit:format="bitString" spirit:bitStringLength="1">1</spirit:defaultValue>
          </spirit:driver>
        </spirit:wire>
        <spirit:vendorExtensions>
          <xilinx:portInfo>
            <xilinx:enablement>
              <xilinx:isEnabled xilinx:resolve="dependent" xilinx:id="PORT_ENABLEMENT.pc_axis_tready" xilinx:dependency="(spirit:decode(id(&apos;PARAM_VALUE.HAS_TREADY&apos;)) == 1)">true</xilinx:isEnabled>
            </xilinx:enablement>
          </xilinx:portInfo>
        </spirit:vendorExtensions>
      </spirit:port>
      <spirit:port>
        <spirit:name>pc_axis_tdata</spirit:name>
        <spirit:wire>
          <spirit:direction>in</spirit:direction>
          <spirit:vector>
            <spirit:left spirit:format="long" spirit:resolve="dependent" spirit:dependency="(spirit:decode(id(&apos;MODELPARAM_VALUE.C_AXIS_TDATA_WIDTH&apos;)) - 1)">127</spirit:left>
            <spirit:right spirit:format="long">0</spirit:right>
          </spirit:vector>
          <spirit:wireTypeDefs>
            <spirit:wireTypeDef>
              <spirit:typeName>wire</spirit:typeName>
              <spirit:viewNameRef>xilinx_verilogsynthesis</spirit:viewNameRef>
              <spirit:viewNameRef>xilinx_verilogbehavioralsimulation</spirit:viewNameRef>
            </spirit:wireTypeDef>
          </spirit:wireTypeDefs>
          <spirit:driver>
            <spirit:defaultValue spirit:format="bitString" spirit:resolve="dependent" spirit:dependency="{(spirit:decode(id(&apos;MODELPARAM_VALUE.C_AXIS_TDATA_WIDTH&apos;))){0}}" spirit:bitStringLength="32">0x00000000000000000000000000000000</spirit:defaultValue>
          </spirit:driver>
        </spirit:wire>
        <spirit:vendorExtensions>
          <xilinx:portInfo>
            <xilinx:enablement>
              <xilinx:isEnabled xilinx:resolve="dependent" xilinx:id="PORT_ENABLEMENT.pc_axis_tdata" xilinx:dependency="(spirit:decode(id(&apos;PARAM_VALUE.TDATA_NUM_BYTES&apos;)) > 0)">true</xilinx:isEnabled>
            </xilinx:enablement>
          </xilinx:portInfo>
        </spirit:vendorExtensions>
      </spirit:port>
      <spirit:port>
        <spirit:name>pc_axis_tstrb</spirit:name>
        <spirit:wire>
          <spirit:direction>in</spirit:direction>
          <spirit:vector>
            <spirit:left spirit:format="long" spirit:resolve="dependent" spirit:dependency="((spirit:decode(id(&apos;MODELPARAM_VALUE.C_AXIS_TDATA_WIDTH&apos;)) / 8) - 1)">15</spirit:left>
            <spirit:right spirit:format="long">0</spirit:right>
          </spirit:vector>
          <spirit:wireTypeDefs>
            <spirit:wireTypeDef>
              <spirit:typeName>wire</spirit:typeName>
              <spirit:viewNameRef>xilinx_verilogsynthesis</spirit:viewNameRef>
              <spirit:viewNameRef>xilinx_verilogbehavioralsimulation</spirit:viewNameRef>
            </spirit:wireTypeDef>
          </spirit:wireTypeDefs>
          <spirit:driver>
            <spirit:defaultValue spirit:format="bitString" spirit:resolve="dependent" spirit:dependency="{((spirit:decode(id(&apos;MODELPARAM_VALUE.C_AXIS_TDATA_WIDTH&apos;)) div 8)){1}}" spirit:bitStringLength="4">0xFFFF</spirit:defaultValue>
          </spirit:driver>
        </spirit:wire>
        <spirit:vendorExtensions>
          <xilinx:portInfo>
            <xilinx:enablement>
              <xilinx:isEnabled xilinx:resolve="dependent" xilinx:id="PORT_ENABLEMENT.pc_axis_tstrb" xilinx:dependency="(spirit:decode(id(&apos;PARAM_VALUE.HAS_TSTRB&apos;)) = 1)">false</xilinx:isEnabled>
            </xilinx:enablement>
          </xilinx:portInfo>
        </spirit:vendorExtensions>
      </spirit:port>
      <spirit:port>
        <spirit:name>pc_axis_tkeep</spirit:name>
        <spirit:wire>
          <spirit:direction>in</spirit:direction>
          <spirit:vector>
            <spirit:left spirit:format="long" spirit:resolve="dependent" spirit:dependency="((spirit:decode(id(&apos;MODELPARAM_VALUE.C_AXIS_TDATA_WIDTH&apos;)) / 8) - 1)">15</spirit:left>
            <spirit:right spirit:format="long">0</spirit:right>
          </spirit:vector>
          <spirit:wireTypeDefs>
            <spirit:wireTypeDef>
              <spirit:typeName>wire</spirit:typeName>
              <spirit:viewNameRef>xilinx_verilogsynthesis</spirit:viewNameRef>
              <spirit:viewNameRef>xilinx_verilogbehavioralsimulation</spirit:viewNameRef>
            </spirit:wireTypeDef>
          </spirit:wireTypeDefs>
          <spirit:driver>
            <spirit:defaultValue spirit:format="bitString" spirit:resolve="dependent" spirit:dependency="{((spirit:decode(id(&apos;MODELPARAM_VALUE.C_AXIS_TDATA_WIDTH&apos;)) div 8)){1}}" spirit:bitStringLength="4">0xFFFF</spirit:defaultValue>
          </spirit:driver>
        </spirit:wire>
        <spirit:vendorExtensions>
          <xilinx:portInfo>
            <xilinx:enablement>
              <xilinx:isEnabled xilinx:resolve="dependent" xilinx:id="PORT_ENABLEMENT.pc_axis_tkeep" xilinx:dependency="(spirit:decode(id(&apos;PARAM_VALUE.HAS_TKEEP&apos;)) = 1)">false</xilinx:isEnabled>
            </xilinx:enablement>
          </xilinx:portInfo>
        </spirit:vendorExtensions>
      </spirit:port>
      <spirit:port>
        <spirit:name>pc_axis_tlast</spirit:name>
        <spirit:wire>
          <spirit:direction>in</spirit:direction>
          <spirit:wireTypeDefs>
            <spirit:wireTypeDef>
              <spirit:typeName>wire</spirit:typeName>
              <spirit:viewNameRef>xilinx_verilogsynthesis</spirit:viewNameRef>
              <spirit:viewNameRef>xilinx_verilogbehavioralsimulation</spirit:viewNameRef>
            </spirit:wireTypeDef>
          </spirit:wireTypeDefs>
          <spirit:driver>
            <spirit:defaultValue spirit:format="bitString" spirit:bitStringLength="1">1</spirit:defaultValue>
          </spirit:driver>
        </spirit:wire>
        <spirit:vendorExtensions>
          <xilinx:portInfo>
            <xilinx:enablement>
              <xilinx:isEnabled xilinx:resolve="dependent" xilinx:id="PORT_ENABLEMENT.pc_axis_tlast" xilinx:dependency="(spirit:decode(id(&apos;PARAM_VALUE.HAS_TLAST&apos;)) = 1)">false</xilinx:isEnabled>
            </xilinx:enablement>
          </xilinx:portInfo>
        </spirit:vendorExtensions>
      </spirit:port>
      <spirit:port>
        <spirit:name>pc_axis_tid</spirit:name>
        <spirit:wire>
          <spirit:direction>in</spirit:direction>
          <spirit:vector>
            <spirit:left spirit:format="long" spirit:resolve="dependent" spirit:dependency="(spirit:decode(id(&apos;MODELPARAM_VALUE.C_AXIS_TID_WIDTH&apos;)) - 1)">0</spirit:left>
            <spirit:right spirit:format="long">0</spirit:right>
          </spirit:vector>
          <spirit:wireTypeDefs>
            <spirit:wireTypeDef>
              <spirit:typeName>wire</spirit:typeName>
              <spirit:viewNameRef>xilinx_verilogsynthesis</spirit:viewNameRef>
              <spirit:viewNameRef>xilinx_verilogbehavioralsimulation</spirit:viewNameRef>
            </spirit:wireTypeDef>
          </spirit:wireTypeDefs>
          <spirit:driver>
            <spirit:defaultValue spirit:format="bitString" spirit:bitStringLength="1">0</spirit:defaultValue>
          </spirit:driver>
        </spirit:wire>
        <spirit:vendorExtensions>
          <xilinx:portInfo>
            <xilinx:enablement>
              <xilinx:isEnabled xilinx:resolve="dependent" xilinx:id="PORT_ENABLEMENT.pc_axis_tid" xilinx:dependency="(spirit:decode(id(&apos;PARAM_VALUE.TID_WIDTH&apos;)) > 0)">false</xilinx:isEnabled>
            </xilinx:enablement>
          </xilinx:portInfo>
        </spirit:vendorExtensions>
      </spirit:port>
      <spirit:port>
        <spirit:name>pc_axis_tdest</spirit:name>
        <spirit:wire>
          <spirit:direction>in</spirit:direction>
          <spirit:vector>
            <spirit:left spirit:format="long" spirit:resolve="dependent" spirit:dependency="(spirit:decode(id(&apos;MODELPARAM_VALUE.C_AXIS_TDEST_WIDTH&apos;)) - 1)">0</spirit:left>
            <spirit:right spirit:format="long">0</spirit:right>
          </spirit:vector>
          <spirit:wireTypeDefs>
            <spirit:wireTypeDef>
              <spirit:typeName>wire</spirit:typeName>
              <spirit:viewNameRef>xilinx_verilogsynthesis</spirit:viewNameRef>
              <spirit:viewNameRef>xilinx_verilogbehavioralsimulation</spirit:viewNameRef>
            </spirit:wireTypeDef>
          </spirit:wireTypeDefs>
          <spirit:driver>
            <spirit:defaultValue spirit:format="bitString" spirit:bitStringLength="1">0</spirit:defaultValue>
          </spirit:driver>
        </spirit:wire>
        <spirit:vendorExtensions>
          <xilinx:portInfo>
            <xilinx:enablement>
              <xilinx:isEnabled xilinx:resolve="dependent" xilinx:id="PORT_ENABLEMENT.pc_axis_tdest" xilinx:dependency="(spirit:decode(id(&apos;PARAM_VALUE.TDEST_WIDTH&apos;)) > 0)">false</xilinx:isEnabled>
            </xilinx:enablement>
          </xilinx:portInfo>
        </spirit:vendorExtensions>
      </spirit:port>
      <spirit:port>
        <spirit:name>pc_axis_tuser</spirit:name>
        <spirit:wire>
          <spirit:direction>in</spirit:direction>
          <spirit:vector>
            <spirit:left spirit:format="long" spirit:resolve="dependent" spirit:dependency="(spirit:decode(id(&apos;MODELPARAM_VALUE.C_AXIS_TUSER_WIDTH&apos;)) - 1)">0</spirit:left>
            <spirit:right spirit:format="long">0</spirit:right>
          </spirit:vector>
          <spirit:wireTypeDefs>
            <spirit:wireTypeDef>
              <spirit:typeName>wire</spirit:typeName>
              <spirit:viewNameRef>xilinx_verilogsynthesis</spirit:viewNameRef>
              <spirit:viewNameRef>xilinx_verilogbehavioralsimulation</spirit:viewNameRef>
            </spirit:wireTypeDef>
          </spirit:wireTypeDefs>
          <spirit:driver>
            <spirit:defaultValue spirit:format="bitString" spirit:bitStringLength="1">0</spirit:defaultValue>
          </spirit:driver>
        </spirit:wire>
        <spirit:vendorExtensions>
          <xilinx:portInfo>
            <xilinx:enablement>
              <xilinx:isEnabled xilinx:resolve="dependent" xilinx:id="PORT_ENABLEMENT.pc_axis_tuser" xilinx:dependency="(spirit:decode(id(&apos;PARAM_VALUE.TUSER_WIDTH&apos;)) > 0)">false</xilinx:isEnabled>
            </xilinx:enablement>
          </xilinx:portInfo>
        </spirit:vendorExtensions>
      </spirit:port>
      <spirit:port>
        <spirit:name>pc_asserted</spirit:name>
        <spirit:wire>
          <spirit:direction>out</spirit:direction>
          <spirit:wireTypeDefs>
            <spirit:wireTypeDef>
              <spirit:typeName>wire</spirit:typeName>
              <spirit:viewNameRef>xilinx_verilogsynthesis</spirit:viewNameRef>
              <spirit:viewNameRef>xilinx_verilogbehavioralsimulation</spirit:viewNameRef>
            </spirit:wireTypeDef>
          </spirit:wireTypeDefs>
        </spirit:wire>
      </spirit:port>
      <spirit:port>
        <spirit:name>pc_status</spirit:name>
        <spirit:wire>
          <spirit:direction>out</spirit:direction>
          <spirit:vector>
            <spirit:left spirit:format="long" spirit:resolve="dependent" spirit:dependency="(spirit:decode(id(&apos;MODELPARAM_VALUE.C_PC_STATUS_WIDTH&apos;)) - 1)">10</spirit:left>
            <spirit:right spirit:format="long">0</spirit:right>
          </spirit:vector>
          <spirit:wireTypeDefs>
            <spirit:wireTypeDef>
              <spirit:typeName>wire</spirit:typeName>
              <spirit:viewNameRef>xilinx_verilogsynthesis</spirit:viewNameRef>
              <spirit:viewNameRef>xilinx_verilogbehavioralsimulation</spirit:viewNameRef>
            </spirit:wireTypeDef>
          </spirit:wireTypeDefs>
        </spirit:wire>
      </spirit:port>
    </spirit:ports>
    <spirit:modelParameters>
      <spirit:modelParameter xsi:type="spirit:nameValueTypeType" spirit:dataType="integer">
        <spirit:name>C_AXIS_TDATA_WIDTH</spirit:name>
        <spirit:value spirit:format="long" spirit:resolve="generated" spirit:id="MODELPARAM_VALUE.C_AXIS_TDATA_WIDTH">128</spirit:value>
      </spirit:modelParameter>
      <spirit:modelParameter spirit:dataType="integer">
        <spirit:name>C_AXIS_TID_WIDTH</spirit:name>
        <spirit:value spirit:format="long" spirit:resolve="generated" spirit:id="MODELPARAM_VALUE.C_AXIS_TID_WIDTH">1</spirit:value>
      </spirit:modelParameter>
      <spirit:modelParameter spirit:dataType="integer">
        <spirit:name>C_AXIS_TDEST_WIDTH</spirit:name>
        <spirit:value spirit:format="long" spirit:resolve="generated" spirit:id="MODELPARAM_VALUE.C_AXIS_TDEST_WIDTH">1</spirit:value>
      </spirit:modelParameter>
      <spirit:modelParameter spirit:dataType="integer">
        <spirit:name>C_AXIS_TUSER_WIDTH</spirit:name>
        <spirit:value spirit:format="long" spirit:resolve="generated" spirit:id="MODELPARAM_VALUE.C_AXIS_TUSER_WIDTH">1</spirit:value>
      </spirit:modelParameter>
      <spirit:modelParameter spirit:dataType="integer">
        <spirit:name>C_AXIS_SIGNAL_SET</spirit:name>
        <spirit:value spirit:format="bitString" spirit:resolve="generated" spirit:id="MODELPARAM_VALUE.C_AXIS_SIGNAL_SET" spirit:bitStringLength="32">0b00000000000000000000000000000011</spirit:value>
      </spirit:modelParameter>
      <spirit:modelParameter spirit:dataType="integer">
        <spirit:name>C_PC_MAXWAITS</spirit:name>
        <spirit:value spirit:format="long" spirit:resolve="generated" spirit:id="MODELPARAM_VALUE.C_PC_MAXWAITS">0</spirit:value>
      </spirit:modelParameter>
      <spirit:modelParameter spirit:dataType="integer">
        <spirit:name>C_PC_MESSAGE_LEVEL</spirit:name>
        <spirit:value spirit:format="long" spirit:resolve="generated" spirit:id="MODELPARAM_VALUE.C_PC_MESSAGE_LEVEL">2</spirit:value>
      </spirit:modelParameter>
      <spirit:modelParameter spirit:dataType="integer">
        <spirit:name>C_PC_HAS_SYSTEM_RESET</spirit:name>
        <spirit:value spirit:format="long" spirit:resolve="generated" spirit:id="MODELPARAM_VALUE.C_PC_HAS_SYSTEM_RESET">0</spirit:value>
      </spirit:modelParameter>
      <spirit:modelParameter spirit:dataType="integer">
        <spirit:name>C_PC_STATUS_WIDTH</spirit:name>
        <spirit:value spirit:format="long" spirit:resolve="generated" spirit:id="MODELPARAM_VALUE.C_PC_STATUS_WIDTH">11</spirit:value>
      </spirit:modelParameter>
    </spirit:modelParameters>
  </spirit:model>
  <spirit:choices>
    <spirit:choice>
      <spirit:name>choice_pairs_37189c7b</spirit:name>
      <spirit:enumeration spirit:text="No">0</spirit:enumeration>
      <spirit:enumeration spirit:text="Yes">1</spirit:enumeration>
    </spirit:choice>
    <spirit:choice>
      <spirit:name>choice_pairs_f326c9e3</spirit:name>
      <spirit:enumeration spirit:text="Error">2</spirit:enumeration>
      <spirit:enumeration spirit:text="Finish on error">4</spirit:enumeration>
      <spirit:enumeration spirit:text="Info">1</spirit:enumeration>
      <spirit:enumeration spirit:text="Quiet">0</spirit:enumeration>
      <spirit:enumeration spirit:text="Stop on error">3</spirit:enumeration>
    </spirit:choice>
  </spirit:choices>
  <spirit:fileSets>
    <spirit:fileSet>
      <spirit:name>xilinx_veriloginstantiationtemplate_view_fileset</spirit:name>
      <spirit:file>
        <spirit:name>axis_check_128.vho</spirit:name>
        <spirit:userFileType>vhdlTemplate</spirit:userFileType>
      </spirit:file>
      <spirit:file>
        <spirit:name>axis_check_128.veo</spirit:name>
        <spirit:userFileType>verilogTemplate</spirit:userFileType>
      </spirit:file>
    </spirit:fileSet>
    <spirit:fileSet>
      <spirit:name>xilinx_verilogsynthesis_view_fileset</spirit:name>
      <spirit:file>
        <spirit:name>axis_protocol_checker_v1_1_7/hdl/verilog/axis_protocol_checker_v1_1_asr_inline.v</spirit:name>
        <spirit:fileType>verilogSource</spirit:fileType>
        <spirit:logicalName>axis_protocol_checker_v1_1_7</spirit:logicalName>
      </spirit:file>
      <spirit:file>
        <spirit:name>axis_protocol_checker_v1_1_7/hdl/verilog/axis_protocol_checker_v1_1_reporter.v</spirit:name>
        <spirit:fileType>verilogSource</spirit:fileType>
        <spirit:logicalName>axis_protocol_checker_v1_1_7</spirit:logicalName>
      </spirit:file>
      <spirit:file>
        <spirit:name>axis_protocol_checker_v1_1_7/hdl/verilog/axis_protocol_checker_v1_1_top.v</spirit:name>
        <spirit:fileType>verilogSource</spirit:fileType>
        <spirit:logicalName>axis_protocol_checker_v1_1_7</spirit:logicalName>
      </spirit:file>
    </spirit:fileSet>
    <spirit:fileSet>
      <spirit:name>xilinx_synthesisconstraints_view_fileset</spirit:name>
      <spirit:file>
        <spirit:name>axis_check_128_ooc.xdc</spirit:name>
        <spirit:userFileType>xdc</spirit:userFileType>
        <spirit:userFileType>USED_IN_implementation</spirit:userFileType>
        <spirit:userFileType>USED_IN_out_of_context</spirit:userFileType>
        <spirit:userFileType>USED_IN_synthesis</spirit:userFileType>
      </spirit:file>
    </spirit:fileSet>
    <spirit:fileSet>
      <spirit:name>xilinx_verilogsynthesiswrapper_view_fileset</spirit:name>
      <spirit:file>
        <spirit:name>synth/axis_check_128.v</spirit:name>
        <spirit:fileType>verilogSource</spirit:fileType>
        <spirit:logicalName>xil_defaultlib</spirit:logicalName>
      </spirit:file>
    </spirit:fileSet>
    <spirit:fileSet>
      <spirit:name>xilinx_verilogbehavioralsimulation_view_fileset</spirit:name>
      <spirit:file>
        <spirit:name>axis_protocol_checker_v1_1_7/hdl/verilog/axis_protocol_checker_v1_1_asr_inline.v</spirit:name>
        <spirit:fileType>verilogSource</spirit:fileType>
        <spirit:userFileType>USED_IN_ipstatic</spirit:userFileType>
        <spirit:logicalName>axis_protocol_checker_v1_1_7</spirit:logicalName>
      </spirit:file>
      <spirit:file>
        <spirit:name>axis_protocol_checker_v1_1_7/hdl/verilog/axis_protocol_checker_v1_1_reporter.v</spirit:name>
        <spirit:fileType>verilogSource</spirit:fileType>
        <spirit:userFileType>USED_IN_ipstatic</spirit:userFileType>
        <spirit:logicalName>axis_protocol_checker_v1_1_7</spirit:logicalName>
      </spirit:file>
      <spirit:file>
        <spirit:name>axis_protocol_checker_v1_1_7/hdl/verilog/axis_protocol_checker_v1_1_top.v</spirit:name>
        <spirit:fileType>verilogSource</spirit:fileType>
        <spirit:userFileType>USED_IN_ipstatic</spirit:userFileType>
        <spirit:logicalName>axis_protocol_checker_v1_1_7</spirit:logicalName>
      </spirit:file>
    </spirit:fileSet>
    <spirit:fileSet>
      <spirit:name>xilinx_verilogsimulationwrapper_view_fileset</spirit:name>
      <spirit:file>
        <spirit:name>sim/axis_check_128.v</spirit:name>
        <spirit:fileType>verilogSource</spirit:fileType>
        <spirit:logicalName>xil_defaultlib</spirit:logicalName>
      </spirit:file>
    </spirit:fileSet>
    <spirit:fileSet>
      <spirit:name>xilinx_versioninformation_view_fileset</spirit:name>
      <spirit:file>
        <spirit:name>axis_protocol_checker_v1_1_7/doc/axis_protocol_checker_v1_1_changelog.txt</spirit:name>
        <spirit:userFileType>text</spirit:userFileType>
        <spirit:logicalName>axis_protocol_checker_v1_1_7</spirit:logicalName>
      </spirit:file>
    </spirit:fileSet>
    <spirit:fileSet>
      <spirit:name>xilinx_externalfiles_view_fileset</spirit:name>
      <spirit:file>
        <spirit:name>axis_check_128.dcp</spirit:name>
        <spirit:userFileType>dcp</spirit:userFileType>
        <spirit:userFileType>USED_IN_implementation</spirit:userFileType>
        <spirit:userFileType>USED_IN_synthesis</spirit:userFileType>
        <spirit:logicalName>xil_defaultlib</spirit:logicalName>
      </spirit:file>
      <spirit:file>
        <spirit:name>axis_check_128_stub.v</spirit:name>
        <spirit:fileType>verilogSource</spirit:fileType>
        <spirit:userFileType>USED_IN_synth_blackbox_stub</spirit:userFileType>
        <spirit:logicalName>xil_defaultlib</spirit:logicalName>
      </spirit:file>
      <spirit:file>
        <spirit:name>axis_check_128_stub.vhdl</spirit:name>
        <spirit:fileType>vhdlSource</spirit:fileType>
        <spirit:userFileType>USED_IN_synth_blackbox_stub</spirit:userFileType>
        <spirit:logicalName>xil_defaultlib</spirit:logicalName>
      </spirit:file>
      <spirit:file>
        <spirit:name>axis_check_128_sim_netlist.v</spirit:name>
        <spirit:fileType>verilogSource</spirit:fileType>
        <spirit:userFileType>USED_IN_simulation</spirit:userFileType>
        <spirit:userFileType>USED_IN_single_language</spirit:userFileType>
        <spirit:logicalName>xil_defaultlib</spirit:logicalName>
      </spirit:file>
      <spirit:file>
        <spirit:name>axis_check_128_sim_netlist.vhdl</spirit:name>
        <spirit:fileType>vhdlSource</spirit:fileType>
        <spirit:userFileType>USED_IN_simulation</spirit:userFileType>
        <spirit:userFileType>USED_IN_single_language</spirit:userFileType>
        <spirit:logicalName>xil_defaultlib</spirit:logicalName>
      </spirit:file>
    </spirit:fileSet>
  </spirit:fileSets>
  <spirit:description>The AXI4-Stream Protocol Checker.</spirit:description>
  <spirit:parameters>
    <spirit:parameter>
      <spirit:name>TDATA_NUM_BYTES</spirit:name>
      <spirit:displayName>TDATA Width (bytes)</spirit:displayName>
      <spirit:value spirit:format="long" spirit:resolve="user" spirit:id="PARAM_VALUE.TDATA_NUM_BYTES" spirit:order="2" spirit:minimum="0" spirit:maximum="512" spirit:rangeType="long">16</spirit:value>
    </spirit:parameter>
    <spirit:parameter>
      <spirit:name>TID_WIDTH</spirit:name>
      <spirit:displayName>TID Width (bits)</spirit:displayName>
      <spirit:value spirit:format="long" spirit:resolve="user" spirit:id="PARAM_VALUE.TID_WIDTH" spirit:order="3" spirit:minimum="0" spirit:maximum="32" spirit:rangeType="long">0</spirit:value>
    </spirit:parameter>
    <spirit:parameter>
      <spirit:name>TDEST_WIDTH</spirit:name>
      <spirit:displayName>TDEST Width (bits)</spirit:displayName>
      <spirit:value spirit:format="long" spirit:resolve="user" spirit:id="PARAM_VALUE.TDEST_WIDTH" spirit:order="4" spirit:minimum="0" spirit:maximum="32" spirit:rangeType="long">0</spirit:value>
    </spirit:parameter>
    <spirit:parameter>
      <spirit:name>TUSER_WIDTH</spirit:name>
      <spirit:displayName>TUSER Width (bits)</spirit:displayName>
      <spirit:value spirit:format="long" spirit:resolve="user" spirit:id="PARAM_VALUE.TUSER_WIDTH" spirit:order="5" spirit:minimum="0" spirit:maximum="4096" spirit:rangeType="long">0</spirit:value>
    </spirit:parameter>
    <spirit:parameter>
      <spirit:name>HAS_TREADY</spirit:name>
      <spirit:displayName>Enable TREADY</spirit:displayName>
      <spirit:value spirit:format="long" spirit:resolve="user" spirit:id="PARAM_VALUE.HAS_TREADY" spirit:choiceRef="choice_pairs_37189c7b" spirit:order="6">1</spirit:value>
    </spirit:parameter>
    <spirit:parameter>
      <spirit:name>HAS_TSTRB</spirit:name>
      <spirit:displayName>Enable TSTRB</spirit:displayName>
      <spirit:value spirit:format="long" spirit:resolve="user" spirit:id="PARAM_VALUE.HAS_TSTRB" spirit:choiceRef="choice_pairs_37189c7b" spirit:order="7">0</spirit:value>
    </spirit:parameter>
    <spirit:parameter>
      <spirit:name>HAS_TKEEP</spirit:name>
      <spirit:displayName>Enable TKEEP</spirit:displayName>
      <spirit:value spirit:format="long" spirit:resolve="user" spirit:id="PARAM_VALUE.HAS_TKEEP" spirit:choiceRef="choice_pairs_37189c7b" spirit:order="8">0</spirit:value>
    </spirit:parameter>
    <spirit:parameter>
      <spirit:name>HAS_TLAST</spirit:name>
      <spirit:displayName>Enable TLAST</spirit:displayName>
      <spirit:value spirit:format="long" spirit:resolve="user" spirit:id="PARAM_VALUE.HAS_TLAST" spirit:choiceRef="choice_pairs_37189c7b" spirit:order="9">0</spirit:value>
    </spirit:parameter>
    <spirit:parameter>
      <spirit:name>HAS_ACLKEN</spirit:name>
      <spirit:displayName>Enable ACLKEN</spirit:displayName>
      <spirit:value spirit:format="long" spirit:resolve="user" spirit:id="PARAM_VALUE.HAS_ACLKEN" spirit:choiceRef="choice_pairs_37189c7b" spirit:order="10">0</spirit:value>
    </spirit:parameter>
    <spirit:parameter>
      <spirit:name>HAS_SYSTEM_RESET</spirit:name>
      <spirit:displayName>Enable system reset interface</spirit:displayName>
      <spirit:value spirit:format="long" spirit:resolve="user" spirit:id="PARAM_VALUE.HAS_SYSTEM_RESET" spirit:choiceRef="choice_pairs_37189c7b" spirit:order="11">0</spirit:value>
    </spirit:parameter>
    <spirit:parameter>
      <spirit:name>MAX_WAITS</spirit:name>
      <spirit:displayName>Maximum number of idle cycles for TREADY monitoring</spirit:displayName>
      <spirit:value spirit:format="long" spirit:resolve="user" spirit:id="PARAM_VALUE.MAX_WAITS" spirit:order="12" spirit:minimum="0" spirit:maximum="1024" spirit:rangeType="long">0</spirit:value>
    </spirit:parameter>
    <spirit:parameter>
      <spirit:name>MESSAGE_LEVEL</spirit:name>
      <spirit:displayName>Simulation Log Messaging Level</spirit:displayName>
      <spirit:value spirit:format="long" spirit:resolve="user" spirit:id="PARAM_VALUE.MESSAGE_LEVEL" spirit:choiceRef="choice_pairs_f326c9e3" spirit:order="13">2</spirit:value>
    </spirit:parameter>
    <spirit:parameter>
      <spirit:name>Component_Name</spirit:name>
      <spirit:value spirit:resolve="user" spirit:id="PARAM_VALUE.Component_Name" spirit:order="1">axis_check_128</spirit:value>
    </spirit:parameter>
  </spirit:parameters>
  <spirit:vendorExtensions>
    <xilinx:coreExtensions>
      <xilinx:displayName>AXI4-Stream Protocol Checker</xilinx:displayName>
      <xilinx:coreRevision>7</xilinx:coreRevision>
      <xilinx:configElementInfos>
        <xilinx:configElementInfo xilinx:referenceId="PARAM_VALUE.TDATA_NUM_BYTES" xilinx:valueSource="user"/>
      </xilinx:configElementInfos>
    </xilinx:coreExtensions>
    <xilinx:packagingInfo>
      <xilinx:xilinxVersion>2015.4.1</xilinx:xilinxVersion>
      <xilinx:checksum xilinx:scope="busInterfaces" xilinx:value="c9a4d292"/>
      <xilinx:checksum xilinx:scope="fileGroups" xilinx:value="a2e92242"/>
      <xilinx:checksum xilinx:scope="ports" xilinx:value="68d63c17"/>
      <xilinx:checksum xilinx:scope="hdlParameters" xilinx:value="fcf12d19"/>
      <xilinx:checksum xilinx:scope="parameters" xilinx:value="c24352cb"/>
    </xilinx:packagingInfo>
  </spirit:vendorExtensions>
</spirit:component>
